<?xml version="1.0" encoding="UTF-8"?>
<beans xmlns="http://www.springframework.org/schema/beans"
    xmlns:xsi="http://www.w3.org/2001/XMLSchema-instance"
    xmlns:ctx="http://www.springframework.org/schema/context"
    xmlns:aop="http://www.springframework.org/schema/aop"
    xmlns:c="http://www.springframework.org/schema/c"
    xsi:schemaLocation="http://www.springframework.org/schema/beans
        http://www.springframework.org/schema/beans/spring-beans.xsd
        http://www.springframework.org/schema/context
	    http://www.springframework.org/schema/context/spring-context.xsd
	    http://www.springframework.org/schema/aop		
        http://www.springframework.org/schema/aop/spring-aop.xsd">
	    <ctx:annotation-config></ctx:annotation-config>
	    <ctx:component-scan base-package="com.yash.*"></ctx:component-scan>
	<!--     <aop:aspectj-autoproxy></aop:aspectj-autoproxy>
	    
	     -->
	<bean  class="org.springframework.beans.factory.config.PropertyPlaceholderConfigurer">
   <property name="location">
       
           <value>db.properties</value>
       
   </property>
</bean>
</beans>



	